MAGNITUDE,FREQUENCY
0.60710160739538,1,
0.16066416163854,2,
0.12407291372899,3,
0.2723880983987,4,
0.13188584007749,5,
0.031481827177921,6,
0.076996077463742,7,
0.27470194561929,8,
0.2846654781985,9,
0.12350841193624,10,
0.01328032198114,11,
0.11090647298194,12,
0.083356394343394,13,
0.28287935097651,14,
0.21523410446853,15,
0.14588491165351,16,
0.016296374833355,17,
0.22501276063564,18,
0.32444169177055,19,
0.039304693231951,20,
0.064232254851036,21,
0.12881391338726,22,
0.06122406291802,23,
0.066080645023597,24,
0.18796937583718,25,
0.012504787001374,26,
0.05532556766123,27,
0.14973956495513,28,
0.075631381257266,29,
0.11083344273343,30,
0.089047084211455,31,
0.020159761838466,32,
0.10982494137867,33,
0.024746146967317,34,
0.050203224427578,35,
0.075534150075624,36,
0.11193568421631,37,
0.19088847096471,38,
0.14737189846443,39,
0.44267043533179,40,
0.20057893296735,41,
0.38194461898365,42,
0.48114375248701,43,
0.12233153210304,44,
0.067104544037493,45,
0.10179204718279,46,
0.050303706822923,47,
0.10461892274072,48,
0.030635928288645,49,
0.066405052183468,50,
0.11182916601743,51,
0.06207654258145,52,
0.039517401776865,53,
0.10758244391156,54,
0.078493896085598,55,
0.08948657972607,56,
0.074451254935206,57,
0.16991656588804,58,
0.39102246222427,59,
0.21084142339081,60,
0.043451027281901,61,
0.01057204247359,62,
0.20657546091151,63,
0.07228547897434,64,
0.12017722847203,65,
0.09204475644391,66,
0.060972931656599,67,
0.090927000866032,68,
0.10259507919198,69,
0.065642050306847,70,
0.18782399124097,71,
0.0047089855665459,72,
0.072812111541193,73,
0.1591249411048,74,
0.049898797446653,75,
0.09540510650246,76,
0.11318069162397,77,
0.032969705709711,78,
0.11785930123881,79,
0.062836398798852,80,
0.1445381630584,81,
0.036745230398741,82,
0.054959544306347,83,
0.12608114754496,84,
0.091043888084037,85,
0.090168602014147,86,
0.11234991990074,87,
0.12541874381955,88,
0.15874482978556,89,
0.1204816720953,90,
0.11526839764238,91,
0.066168477555739,92,
0.15090300494041,93,
0.11072156064681,94,
0.27414294253914,95,
1.1475382499908,96,
0.36861101393842,97,
0.065607539350479,98,
0.094158558467655,99,
0.22771088307526,100,
0.032185941303242,101,
0.13954960026704,102,
0.088977967062102,103,
0.38308295678298,104,
0.063358400428882,105,
0.084163581975929,106,
0.051665962334721,107,
0.02708083573481,108,
0.10232161894501,109,
0.0080505135496749,110,
0.10050502487329,111,
0.14928775387324,112,
0.094467969023846,113,
0.080788819218705,114,
0.054407518439673,115,
0.15452780533011,116,
0.095551498861163,117,
0.09470827304557,118,
0.030719717395854,119,
0.03273045900354,120,
0.045187728944859,121,
0.023290000478871,122,
0.05073230222462,123,
0.11037365516193,124,
0.14339837663535,125,
0.12213948965383,126,
0.068573961204537,127,
0.069199190360897,128,
0.10818908360583,129,
0.11013434878863,130,
0.056422121171374,131,
0.029463884562287,132,
0.047128506990874,133,
0.071647943376223,134,
0.1351546319726,135,
0.080631823610639,136,
0.051036727429822,137,
0.029613331316832,138,
0.10231879035227,139,
0.10751026884086,140,
0.068046121322984,141,
0.016362369959125,142,
0.066823405420984,143,
0.16700136835734,144,
0.060366971837649,145,
0.040852100255327,146,
0.077117483836344,147,
0.040896297207251,148,
0.11507176865295,149,
0.11342236560738,150,
0.1185679493433,151,
0.14660305640622,152,
0.10469713993572,153,
0.058519142559498,154,
0.100939712078,155,
0.07127689237017,156,
0.10958266790089,157,
0.092141082763159,158,
0.15693829969414,159,
0.11036177671449,160,
0.11603916850355,161,
0.3004400370782,162,
0.13291337486244,163,
0.21632504907966,164,
0.16288297256802,165,
0.45216039537986,166,
1.33397250474,167,
0.50354831072143,168,
0.25198562676538,169,
0.20624527639008,170,
0.079846514515428,171,
0.072109196085887,172,
0.076641490431162,173,
0.16342833485866,174,
0.050962179129628,175,
0.18380719168015,176,
0.10167662313357,177,
0.32213125936896,178,
0.081463069013324,179,
0.11717573137082,180,
0.14598758351652,181,
0.044001950082064,182,
0.13973131752573,183,
0.083658045890941,184,
0.49065752540752,185,
0.15851664853724,186,
0.10205390929664,187,
0.084007169553989,188,
0.14650979098188,189,
0.057843249899774,190,
0.28240160446582,191,
0.42225837785156,192,
0.15684143402977,193,
0.044999966099157,194,
0.053520764735494,195,
0.27148730057331,196,
0.18501859165098,197,
0.12388197602968,198,
0.15798383260561,199,
3.6683320678388,200,
0.19999930146489,201,
0.1233864256952,202,
0.19626984951858,203,
0.2334274944663,204,
0.042501151392376,205,
0.1724182724896,206,
0.14264913326762,207,
0.26401664594479,208,
0.21459437732043,209,
0.023035712275167,210,
0.040335001535341,211,
0.15686990468745,212,
0.16279748057794,213,
0.11757373671593,214,
0.098762562687479,215,
0.07844952391093,216,
0.07857381466478,217,
0.01849521795182,218,
0.13210478951718,219,
0.17174746370465,220,
0.052783619315893,221,
0.06791243734247,222,
0.10030453222968,223,
0.070182695312114,224,
0.020931281752802,225,
0.051522257298624,226,
0.15830648011151,227,
0.048602602832253,228,
0.08734665054763,229,
0.081926466734272,230,
0.099577369442199,231,
0.042719620817556,232,
0.12035482868102,233,
0.14338318606795,234,
0.091489287094574,235,
0.066890599006772,236,
0.063225933150118,237,
0.050894362307151,238,
0.13973310678358,239,
0.058883451081332,240,
0.065979000802039,241,
0.089797283180506,242,
0.10583657437159,243,
0.12694277937521,244,
0.029971802961055,245,
0.1147495234185,246,
0.082711417246758,247,
0.086697925858919,248,
0.12234482977229,249,
0.17385503004131,250,
0.030184530701612,251,
0.084169031317886,252,
0.042096428551255,253,
0.066154803493239,254,
0.054342829355818,255,
0.062385527413312,256,
0.10843409188228,257,
0.084899290270574,258,
0.1092012978583,259,
0.089389229978962,260,
0.089848224595202,261,
0.080276503555544,262,
0.22195791641314,263,
0.066893265257591,264,
0.042065169932572,265,
0.051664351756239,266,
0.14153345668174,267,
0.080669441811094,268,
0.090500031410379,269,
0.081880825060549,270,
0.11690881360116,271,
0.096445698171341,272,
0.052396485075412,273,
0.041538999670739,274,
0.073391519203518,275,
0.11210064360024,276,
0.0515324240283,277,
0.092894835734876,278,
0.13279231950062,279,
0.11040466375229,280,
0.05002437304254,281,
0.07713086355149,282,
0.076133040462602,283,
0.05830823834971,284,
0.12686001783764,285,
0.047158770884865,286,
0.11467825975577,287,
0.20572355096409,288,
0.17623229137517,289,
0.27536534243132,290,
0.24159036713514,291,
0.13086660992944,292,
0.10094012957678,293,
0.027105648171877,294,
0.35842635732191,295,
1.1177572185252,296,
0.42373010182167,297,
0.18302399749923,298,
0.13374664916511,299,
0.24731956970122,300,
0.083229004363975,301,
0.13550639585973,302,
0.21614719268137,303,
1.3003403146916,304,
0.20180369081041,305,
0.069882610795135,306,
0.096071277115778,307,
0.082936383466714,308,
0.12050431596897,309,
0.078635348562226,310,
0.078579735212171,311,
0.050940560182765,312,
0.21839034459763,313,
0.14628898304911,314,
0.036626943363469,315,
0.027330218884851,316,
0.097052221302347,317,
0.21860874113819,318,
0.12217411534544,319,
0.086376938007732,320,
0.083223090636282,321,
0.10018058605385,322,
0.12708437085724,323,
0.095819993886458,324,
0.035811186685408,325,
0.078494430040883,326,
0.068650152765136,327,
0.05488546912494,328,
0.12151659091404,329,
0.12284015115058,330,
0.050201128407966,331,
0.11151487852017,332,
0.67796025322638,333,
0.23036734710129,334,
0.19544131174539,335,
0.086514646688551,336,
0.036665735120311,337,
0.19093706580644,338,
0.090705698340563,339,
0.20016858392759,340,
0.047707260909967,341,
0.15162749762708,342,
0.091988310919147,343,
0.025526689931078,344,
0.11942975644415,345,
0.062537609538904,346,
0.10232269956752,347,
0.18032082983742,348,
0.083863320772962,349,
0.11858689008247,350,
0.030180933202193,351,
0.1357167778193,352,
0.12762653980823,353,
0.066797384008678,354,
0.18093752863597,355,
0.17396382352049,356,
0.091876103556114,357,
0.17059549926934,358,
0.054954698353366,359,
0.10746306348579,360,
0.085965970322561,361,
0.10074203455125,362,
0.057411761605296,363,
0.11595482349224,364,
0.14814739599899,365,
0.030175140686777,366,
0.050438494684345,367,
0.14126031730631,368,
0.14865218655746,369,
0.086085404564887,370,
0.085893502004467,371,
0.05627602565537,372,
0.03811503328051,373,
0.13648757306604,374,
0.10511703756258,375,
0.053074518269837,376,
0.14382401982434,377,
0.056565952775471,378,
0.17637432363024,379,
0.1906149616151,380,
0.16298589342936,381,
0.034406315908974,382,
0.089712847225714,383,
0.11247096947146,384,
0.12618950662622,385,
0.090245982428711,386,
0.04746418800516,387,
0.11598356660006,388,
0.092897270469852,389,
0.057819273009679,390,
0.24434957401344,391,
0.71693896072566,392,
0.19552714403296,393,
0.16088853438077,394,
0.15647665698871,395,
0.31646587800817,396,
0.13202267401938,397,
0.14688593561228,398,
0.2617695976418,399,
15.666476519285,400,
0.23043919503446,401,
0.059988235328902,402,
0.13327517532913,403,
0.13285515402962,404,
0.11966921871704,405,
0.042551083242873,406,
0.10878146738463,407,
0.046886855025371,408,
0.09361690327278,409,
0.20442668206825,410,
0.11886516367162,411,
0.098638880111632,412,
0.18053224989573,413,
0.18389897059796,414,
0.05298940584121,415,
0.043389236791367,416,
0.12891731093823,417,
0.11470914045317,418,
0.086122988182074,419,
0.10224010026826,420,
0.060692176676602,421,
0.11078554933687,422,
0.033178369223684,423,
0.092232957934139,424,
0.081745888918144,425,
0.1837767880785,426,
0.060284250109298,427,
0.059540952521652,428,
0.14394576212354,429,
0.056828704492789,430,
0.13677632794842,431,
0.081210971532324,432,
0.04626625721318,433,
0.067787537302796,434,
0.13555982866315,435,
0.11626518022567,436,
0.093555273386567,437,
0.10153023699999,438,
0.1132494553677,439,
0.055691141766111,440,
0.081862713444599,441,
0.098583168207286,442,
0.13371419209528,443,
0.14111484919855,444,
0.041680842464335,445,
0.045615763056964,446,
0.025255010034715,447,
0.099830245552086,448,
0.12383615926176,449,
0.045980794539043,450,
0.092041184549527,451,
0.15050035625067,452,
0.050271231950502,453,
0.10124712216505,454,
0.11704009226177,455,
0.077571104796039,456,
0.16948589865369,457,
0.14380097768145,458,
0.11609455082284,459,
0.069080304215587,460,
0.11167017138909,461,
0.15103549719163,462,
0.19630434487126,463,
0.097340212461055,464,
0.088548380342999,465,
0.090245962352963,466,
0.092799503447012,467,
0.055775767737405,468,
0.030370653005526,469,
0.060885672585533,470,
0.11371972276065,471,
0.14453972177934,472,
0.070059664367797,473,
0.076429026329646,474,
0.066067493723672,475,
0.055861313249183,476,
0.065871207601692,477,
0.087216108054541,478,
0.074906198313572,479,
0.019199123397198,480,
0.056999720830508,481,
0.042768414686125,482,
0.11765853830584,483,
0.031269084711763,484,
0.07943535632117,485,
0.17897626579573,486,
0.19651147824527,487,
0.13393556043861,488,
0.12378196600084,489,
0.13453059836573,490,
0.046571810596882,491,
0.085220624236278,492,
0.024226636974542,493,
0.17560658958745,494,
0.39529846096373,495,
1.6654463388903,496,
0.2736084999342,497,
0.25232880202348,498,
0.093021243828541,499,
0.19221665658155,500,
0.081769345339256,501,
0.12751854047998,502,
0.43506984801932,503,
1.9524354285184,504,
0.44381830464426,505,
0.092251634049783,506,
0.048154957745142,507,
0.067477908975516,508,
0.10212947725657,509,
0.10909423289221,510,
0.086211714510679,511,
0.13904713329779,512,
0.053482202146318,513,
0.16515611936468,514,
0.033542719035217,515,
0.16035057564218,516,
0.065367000453649,517,
0.031390105145901,518,
0.085614075976046,519,
0.036411962792719,520,
0.05040163865572,521,
0.050967044030649,522,
0.040875516880936,523,
0.049139750621116,524,
0.13901600010901,525,
0.056462847447359,526,
0.076267880945638,527,
0.10879253598009,528,
0.055855873893677,529,
0.080175767610507,530,
0.079075648950494,531,
0.028931938923172,532,
0.044706372159361,533,
0.02554573337696,534,
0.10151499334982,535,
0.070054161785504,536,
0.050954604734982,537,
0.11244684058263,538,
0.096350823111685,539,
0.066654572186211,540,
0.13037126909344,541,
0.081527495834987,542,
0.16079952958042,543,
0.091344108865158,544,
0.045393913729948,545,
0.033350491119149,546,
0.13402207879161,547,
0.038135150928913,548,
0.12888435951696,549,
0.030278676110876,550,
0.059269987873731,551,
0.06674329587607,552,
0.028840903091374,553,
0.032592199576741,554,
0.047203793708031,555,
0.078149782117773,556,
0.16786565861483,557,
0.018710595525314,558,
0.064231755075031,559,
0.060169133158474,560,
0.069481650931806,561,
0.17210215728561,562,
0.16121180811382,563,
0.10510091021089,564,
0.030721068646853,565,
0.12681704392657,566,
0.026688936379929,567,
0.039707788140723,568,
0.10577095635471,569,
0.14597223814161,570,
0.10061271203882,571,
0.083146818113135,572,
0.057091217007454,573,
0.14910094543172,574,
0.050838687616638,575,
0.068227457405753,576,
0.1518487347299,577,
0.080283493673203,578,
0.26948024569533,579,
0.026830489921639,580,
0.043328666802388,581,
0.11438731455819,582,
0.16668895518365,583,
0.062767155247806,584,
0.061817933406229,585,
0.114378703537,586,
0.16824592998172,587,
0.12797808684276,588,
0.11332388539238,589,
0.09991120533469,590,
0.20537617373961,591,
0.75048607876406,592,
0.33817843770275,593,
0.11806851970618,594,
0.077937311608762,595,
0.66336707094171,596,
0.085300984720775,597,
0.11933758613833,598,
0.51739703355153,599,
21.572360519882,600,
0.6265556925057,601,
0.063418935152848,602,
0.18255095993645,603,
0.15765280453326,604,
0.12737418398155,605,
0.097030253286816,606,
0.072574005012546,607,
0.20228407561541,608,
0.045039034863858,609,
0.095973284966498,610,
0.16414604858679,611,
0.089284353314986,612,
0.063013668235013,613,
0.062923089576785,614,
0.078997332058717,615,
0.1371492766516,616,
0.14946484364238,617,
0.14550145623833,618,
0.072130713542155,619,
0.081603443296767,620,
0.15033716565185,621,
0.13508854608475,622,
0.016399634799736,623,
0.073605719312214,624,
0.16735490374131,625,
0.065109081312761,626,
0.02190048326077,627,
0.19130132041461,628,
0.12560668964141,629,
0.15068179004265,630,
0.18274876298619,631,
0.12202629149029,632,
0.086734055502391,633,
0.034073658848553,634,
0.045516418547803,635,
0.066557584076937,636,
0.057530649317411,637,
0.064316464643442,638,
0.092551268267688,639,
0.071202063912561,640,
0.072981844912433,641,
0.021681297020265,642,
0.076163202035152,643,
0.040250744229544,644,
0.073737405769208,645,
0.055767477413536,646,
0.014752329537859,647,
0.018336388678663,648,
0.05448093649734,649,
0.02953239590599,650,
0.12929592700682,651,
0.1214966644686,652,
0.059762775035901,653,
0.10126058317063,654,
0.12734843377528,655,
0.12004953315097,656,
0.058793895660096,657,
0.078423333235506,658,
0.13027525585946,659,
0.1045453546827,660,
0.15191487261176,661,
0.14332154728165,662,
0.1020877486263,663,
0.23950574189023,664,
0.1992689789789,665,
0.45057577705649,666,
0.68172953774382,667,
0.28528607545157,668,
0.068224848816926,669,
0.15615140185355,670,
0.063638447751917,671,
0.12167303328341,672,
0.11502756108276,673,
0.082039851349059,674,
0.038992813571148,675,
0.039021721705413,676,
0.22472505634805,677,
0.12369205817849,678,
0.073740897714307,679,
0.10393703685019,680,
0.084321111202752,681,
0.054916341492977,682,
0.041298749286816,683,
0.059885808252412,684,
0.26233972333161,685,
0.16170161612884,686,
0.066130343390229,687,
0.43024646077038,688,
0.16638838837433,689,
0.03835223580322,690,
0.0042117415151716,691,
0.20835327063902,692,
0.10683700327283,693,
0.068595678104124,694,
0.51112467069216,695,
3.3325269200352,696,
0.48719009222782,697,
0.1288034544789,698,
0.18460735625127,699,
0.17904191977215,700,
0.21059250004492,701,
0.16082652577942,702,
0.43604933392087,703,
1.9151571454577,704,
0.59869210218336,705,
0.1043776694302,706,
0.074766674329656,707,
0.11634525711017,708,
0.028681551407921,709,
0.24083582453701,710,
0.1296597767296,711,
0.08721305386357,712,
0.16021648946346,713,
0.15364741934533,714,
0.16127815027445,715,
0.17975813341244,716,
0.12727634308121,717,
0.03106421229477,718,
0.074564775422886,719,
0.09174874585805,720,
0.044133879918622,721,
0.079362535887212,722,
0.10891098164076,723,
0.067687996794719,724,
0.12575600993148,725,
0.19391353861867,726,
0.089563042221427,727,
0.13546926242669,728,
0.18171621321537,729,
0.074156772093457,730,
0.017005941844354,731,
0.064184908944266,732,
0.088125189980576,733,
0.061649706472496,734,
0.1099641064954,735,
0.04882205204735,736,
0.046701147921987,737,
0.16018042634998,738,
0.11452211856299,739,
0.065692447391054,740,
0.058361669292465,741,
0.0060256073070203,742,
0.081303962525983,743,
0.23073953886936,744,
0.14962515884684,745,
0.072259668227602,746,
0.19199228523866,747,
0.0064581566458875,748,
0.041144073518194,749,
0.16229164336462,750,
0.10284483848071,751,
0.072415942740763,752,
0.13773490106361,753,
0.15931684663188,754,
0.069358468215275,755,
0.09090739875346,756,
0.41579680349356,757,
0.15774454807586,758,
0.16638205558514,759,
0.19654851091659,760,
0.16258242137844,761,
0.14850124605047,762,
0.48952034102883,763,
0.056581759683879,764,
0.070746575751808,765,
0.072464749398398,766,
0.096075351288628,767,
0.19214666779509,768,
0.19481424767915,769,
0.23258687092951,770,
0.11900821609069,771,
0.092397901532017,772,
0.21716305735276,773,
0.27430745522431,774,
0.45654450916839,775,
0.30210134854144,776,
0.2192371985859,777,
0.11348626640146,778,
0.10016183927714,779,
0.05555715575396,780,
0.10995992269517,781,
0.041465972268526,782,
0.13874720273959,783,
0.24148311169677,784,
0.17483933030734,785,
0.051006126044908,786,
0.16511077790321,787,
0.15750381139872,788,
0.26671624401098,789,
0.27836943871026,790,
0.17711516057774,791,
0.81685639348429,792,
0.14991272776165,793,
0.34357079397561,794,
0.10429272453197,795,
0.45057726461365,796,
0.24697537685492,797,
0.17020084537939,798,
0.53443864479449,799,
8.132183943925,800,
0.28163203071211,801,
0.12501372945187,802,
0.1062034384206,803,
0.073295171268038,804,
0.051603798622807,805,
0.39981506397796,806,
0.2171749425855,807,
0.084468504083349,808,
0.22964272918834,809,
0.38875154534023,810,
0.052628638462628,811,
0.079394343174612,812,
0.12754783421053,813,
0.12124082782847,814,
0.17101376052613,815,
0.047251851243546,816,
0.073065203160399,817,
0.1677752408746,818,
0.18590284497435,819,
0.09908882341834,820,
0.24058227379022,821,
0.29977583211646,822,
0.1551661946964,823,
0.087248402601784,824,
0.21926413984463,825,
0.35746374918559,826,
0.16722677035732,827,
0.27636320559915,828,
0.50057417626637,829,
0.40501856502638,830,
0.22573987498697,831,
0.17367169366195,832,
0.1406732227211,833,
0.33195985709828,834,
0.10073657279839,835,
0.41820543470528,836,
0.019073614877481,837,
0.048224838373433,838,
0.1030834673295,839,
0.099013879594978,840,
0.20105251362068,841,
0.1300864093605,842,
0.21256996857727,843,
0.11486871172729,844,
0.093974709028891,845,
0.14241429112692,846,
0.21419332083764,847,
0.16269001983655,848,
0.050583273915172,849,
0.20452186977661,850,
0.20373811811201,851,
0.071221563668149,852,
0.031405797626943,853,
0.16655932939881,854,
0.11970448112892,855,
0.092358250663675,856,
0.29775118027437,857,
0.51392059397142,858,
0.14494240221992,859,
0.066146845103976,860,
0.33720039335918,861,
0.21583010835271,862,
0.18380025569264,863,
0.098112483026771,864,
0.23450761993278,865,
0.15725635534239,866,
0.17995410080929,867,
0.39195200408589,868,
0.23593036105904,869,
0.31446163543705,870,
0.22269198050252,871,
0.29125957744103,872,
0.19843336077587,873,
0.20616701357752,874,
0.27741505546104,875,
0.093874212007734,876,
0.044702795062471,877,
0.088426628950021,878,
0.28398458677914,879,
0.18135310306526,880,
0.20327729802672,881,
0.12145699465595,882,
0.26090048714896,883,
0.15604493206203,884,
0.24573492731412,885,
0.092208504630425,886,
0.22205226926452,887,
0.28710752440224,888,
0.21423353088123,889,
0.15226009480063,890,
0.18143622523282,891,
0.36396129367912,892,
0.3273184885704,893,
0.074427490647772,894,
1.1136608625836,895,
7.9934119717347,896,
0.94623266072866,897,
0.30386132078018,898,
0.2074324115389,899,
0.27793287684094,900,
0.22328443164261,901,
0.070981358932165,902,
0.5137090300172,903,
1.9034879916571,904,
0.65745448191781,905,
0.32674809705643,906,
0.028087654587564,907,
0.10095432543116,908,
0.23272486175957,909,
0.20022080965576,910,
0.23503328536577,911,
0.078492446280193,912,
0.039411817793345,913,
0.18864965660981,914,
0.047125245360381,915,
0.14854839432213,916,
0.14977089659106,917,
0.21920488419403,918,
0.22309202985258,919,
0.11661003218353,920,
0.25415238626535,921,
0.10746691455528,922,
0.093625124405158,923,
0.12516571670368,924,
0.086211484388581,925,
0.23294255411888,926,
0.32062853403031,927,
0.25361365893435,928,
0.60897080455856,929,
0.47763705400727,930,
0.13147159376084,931,
0.057309891002463,932,
0.077397722345435,933,
0.15123562610443,934,
0.066185471393897,935,
0.10541542716293,936,
0.078661374018355,937,
0.14206438473707,938,
0.15347466098896,939,
0.29486278933112,940,
0.25252070252035,941,
0.35610855524531,942,
0.076470674970035,943,
0.14710665550276,944,
0.24678268356211,945,
0.12227971194197,946,
0.16976204529251,947,
0.10202087771408,948,
0.21566263118941,949,
0.11755637755878,950,
0.10766746200058,951,
0.016000733767388,952,
0.067311152011556,953,
0.0073921694985992,954,
0.12361061088475,955,
0.14166898182141,956,
0.15278511788407,957,
0.076046736457543,958,
0.075251121645481,959,
0.10332350793191,960,
0.16839069647372,961,
0.080574823501731,962,
0.21885610392969,963,
0.12255944614023,964,
0.19910553404365,965,
0.11207330353295,966,
0.10951410286097,967,
0.16451491153032,968,
0.17996742418793,969,
0.040513978410907,970,
0.22058521296907,971,
0.1476610016211,972,
0.2210435469156,973,
0.057045147172673,974,
0.064435185322362,975,
0.2053421163303,976,
0.2284607073339,977,
0.079986761765264,978,
0.25299055887957,979,
0.2476338015273,980,
0.10627272922242,981,
0.091461932738545,982,
0.22936428520545,983,
0.39517945451898,984,
0.12323046883732,985,
0.048490972460597,986,
0.097566693899571,987,
0.055086615047048,988,
0.11009360723072,989,
0.11600100323252,990,
0.13607762740481,991,
0.62205334622783,992,
0.27395826717388,993,
0.070092943512121,994,
0.099852879892244,995,
0.79741063737341,996,
0.15789265487014,997,
0.18983684703168,998,
0.57579412456362,999,
13.006288133783,1000,
0.49418529064739,1001,
0.11191614104245,1002,
0.28947785067954,1003,
0.19257125701723,1004,
0.090719614962012,1005,
0.1325737993585,1006,
0.14879746252436,1007,
0.39719798581749,1008,
0.10516541366354,1009,
0.1161062245205,1010,
0.14278554520535,1011,
0.048245332535823,1012,
0.17660915120214,1013,
0.19061172807805,1014,
0.089886294592721,1015,
0.17713080349706,1016,
0.21385440056174,1017,
0.11799331373044,1018,
0.22707179237152,1019,
0.15867326786862,1020,
0.059374937767092,1021,
0.065324488034245,1022,
0.056845838809521,1023,
0.1121082066546,1024,
0.068848265731666,1025,
0.10857138134541,1026,
0.09483036099588,1027,
0.062186758594868,1028,
0.15352656219555,1029,
0.23449857299851,1030,
0.14193130138469,1031,
0.017197850579424,1032,
0.19285113838347,1033,
0.05740878340715,1034,
0.1039040768224,1035,
0.10425404149371,1036,
0.049436698224219,1037,
0.13049409846185,1038,
0.0068510291744103,1039,
0.057146523273633,1040,
0.14211728839634,1041,
0.071916778658704,1042,
0.19619344961217,1043,
0.20716924955744,1044,
0.083186554448852,1045,
0.054040279990802,1046,
0.049365666497642,1047,
0.041347241963644,1048,
0.12328442559909,1049,
0.12713665550391,1050,
0.12418545085945,1051,
0.053309556044059,1052,
0.16813999745375,1053,
0.13462927591819,1054,
0.030298178535274,1055,
0.11188946095509,1056,
0.09876422282181,1057,
0.014866007838985,1058,
0.23207333219962,1059,
0.10381880640572,1060,
0.14720764666259,1061,
0.11265206241837,1062,
0.045377323869227,1063,
0.080118206411434,1064,
0.1800041050808,1065,
0.15927290264422,1066,
0.032722103991665,1067,
0.15402844319919,1068,
0.15314838657933,1069,
0.063169297915635,1070,
0.17372610470914,1071,
0.217528646578,1072,
0.090804881787214,1073,
0.03495805315915,1074,
0.18935109364314,1075,
0.18964243554208,1076,
0.071997788329263,1077,
0.12278255795217,1078,
0.10318901707315,1079,
0.046164978309782,1080,
0.099601819719455,1081,
0.077507384723145,1082,
0.15020554198214,1083,
0.13255861034351,1084,
0.022827086886691,1085,
0.13094992493191,1086,
0.24665999101047,1087,
0.34517037621822,1088,
0.070467830577344,1089,
0.29167284326771,1090,
0.32606222066782,1091,
0.43540307888776,1092,
0.20867657768678,1093,
0.44372110416474,1094,
1.7882585602189,1095,
11.744650552881,1096,
1.6982515394302,1097,
0.34325955349632,1098,
0.36485493952284,1099,
0.5057599685459,1100,
0.22613465732902,1101,
0.19023666915578,1102,
0.45502750205974,1103,
1.8477020328467,1104,
0.69653010028044,1105,
0.2481536567275,1106,
0.16308599325569,1107,
0.21678470433791,1108,
0.29334500322864,1109,
0.22821013812202,1110,
0.071984948176814,1111,
0.16426269403342,1112,
0.1106042386765,1113,
0.017210893502751,1114,
0.23816978988217,1115,
0.10247727671765,1116,
0.1422876550203,1117,
0.14443405718299,1118,
0.15262948458916,1119,
0.14058475319207,1120,
0.075757301130879,1121,
0.2907945459844,1122,
0.14649331296004,1123,
0.13707957203182,1124,
0.1606403009693,1125,
0.17122227786849,1126,
0.15171893789607,1127,
0.067346417930756,1128,
0.260524204601,1129,
0.068284011592647,1130,
0.10975307938032,1131,
0.085310710222177,1132,
0.17792920801878,1133,
0.034207115405299,1134,
0.14096750137928,1135,
0.051672411303566,1136,
0.089320270720287,1137,
0.060330465320216,1138,
0.21620213067181,1139,
0.20359340557708,1140,
0.14016217945183,1141,
0.22946008615862,1142,
0.20354919629135,1143,
0.15680060346765,1144,
0.11900973832868,1145,
0.10583508457711,1146,
0.1416818799214,1147,
0.065559855088173,1148,
0.11365732172365,1149,
0.14825361467377,1150,
0.043108114349297,1151,
0.10188385832125,1152,
0.026911242203658,1153,
0.035788747205581,1154,
0.067017570424757,1155,
0.091499278493478,1156,
0.079697617833576,1157,
0.078154637475806,1158,
0.020593080749652,1159,
0.11939481658354,1160,
0.13571170631373,1161,
0.17357831434369,1162,
0.081187761278535,1163,
0.17821352760418,1164,
0.087964039231236,1165,
0.28076473597622,1166,
0.34719749344108,1167,
0.080181822805324,1168,
0.20920450937121,1169,
0.13883885349643,1170,
0.10250059551375,1171,
0.18623753306036,1172,
0.1316299579361,1173,
0.1092769414098,1174,
0.14471400116946,1175,
0.20408189217986,1176,
0.020494491644138,1177,
0.1565210836025,1178,
0.096724976203519,1179,
0.13891755023423,1180,
0.14376579024695,1181,
0.11271470402343,1182,
0.13927591613687,1183,
0.2178495946528,1184,
0.034624611498734,1185,
0.24458250132245,1186,
0.11397650180422,1187,
0.1251007595272,1188,
0.25084246621201,1189,
0.26772923429972,1190,
0.36254358137412,1191,
0.78162112951214,1192,
0.15166870490501,1193,
0.38182245312002,1194,
0.12902430885671,1195,
0.56745008562306,1196,
0.43394922488748,1197,
0.48174707321521,1198,
1.9149076825875,1199,
40.354761643086,1200,
2.0731186770844,1201,
0.23078032299025,1202,
0.28798386237315,1203,
0.41077506650623,1204,
0.31136767984475,1205,
0.413596439353,1206,
0.25638527284293,1207,
0.41107196990524,1208,
0.36581477713139,1209,
0.25461834244966,1210,
0.097160156857927,1211,
0.076677824994688,1212,
0.10021597452509,1213,
0.18566072508026,1214,
0.12340803979817,1215,
0.11511704326782,1216,
0.13211504250012,1217,
0.16417752176559,1218,
0.063845376649724,1219,
0.25727270836125,1220,
0.19752724731241,1221,
0.11293759639624,1222,
0.23401363495913,1223,
0.041875259070954,1224,
0.13056541712336,1225,
0.21785666157691,1226,
0.077671564031595,1227,
0.21051071522911,1228,
0.10028199469934,1229,
0.020774006673819,1230,
0.085384247055906,1231,
0.20280784110339,1232,
0.18287726134845,1233,
0.060972977397555,1234,
0.077351958049077,1235,
0.1355111021324,1236,
0.1138207033362,1237,
0.15044204741811,1238,
0.11469322229145,1239,
0.12067893236203,1240,
0.054745738504618,1241,
0.052392840015468,1242,
0.028999957467537,1243,
0.075179438912527,1244,
0.045264202401239,1245,
0.058393305688675,1246,
0.16556792978121,1247,
0.16016619467548,1248,
0.07090119405043,1249,
0.0065167345835637,1250,
0.068643812321752,1251,
0.20661434205149,1252,
0.012406873840171,1253,
0.12160882430582,1254,
0.048551556094037,1255,
0.14525504269777,1256,
0.15528687708689,1257,
0.071000447886366,1258,
0.14283192232945,1259,
0.16011103088468,1260,
0.13160319099828,1261,
0.14495205832045,1262,
0.67316274216992,1263,
0.24127208281669,1264,
0.23784054939558,1265,
0.18239374685965,1266,
0.1216200885534,1267,
0.027414502523235,1268,
0.18728457207324,1269,
0.057506705826041,1270,
0.23993199907309,1271,
0.18680100854289,1272,
0.24216125895097,1273,
0.036667962948166,1274,
0.23915553470227,1275,
0.19521047883746,1276,
0.11526404795673,1277,
0.014855157469022,1278,
0.21446477838363,1279,
0.025248664791231,1280,
0.0077650438586146,1281,
0.23407292016983,1282,
0.18806533948922,1283,
0.058634644165172,1284,
0.32352653393797,1285,
0.25878935928751,1286,
0.2681313727765,1287,
0.35973996761376,1288,
0.29482062906264,1289,
0.49584628829722,1290,
0.19821138263307,1291,
0.39005667438836,1292,
0.2496743867891,1293,
0.27160081497303,1294,
2.1233335277468,1295,
17.11534349381,1296,
2.0627536559068,1297,
0.31441783258527,1298,
0.37648030992847,1299,
0.69910330641639,1300,
0.18435273896066,1301,
0.29496424831156,1302,
0.1286674494903,1303,
1.5977749500088,1304,
0.40375823673412,1305,
0.19838210898642,1306,
0.2558873952916,1307,
0.20542877339053,1308,
0.16044335989606,1309,
0.34089482400347,1310,
0.054149425291183,1311,
0.21057204467605,1312,
0.30896288800872,1313,
0.23558684260463,1314,
0.24108488760247,1315,
0.2069698196221,1316,
0.16393122710921,1317,
0.20083973871768,1318,
0.21708593881374,1319,
0.2864166789389,1320,
0.093515737118079,1321,
0.13607228064643,1322,
0.027214371395184,1323,
0.12931321006508,1324,
0.25710883192424,1325,
0.29982043174957,1326,
0.2183809156978,1327,
0.14125934807711,1328,
0.26453862243341,1329,
0.058799928626321,1330,
0.065159900011186,1331,
0.29287656758321,1332,
0.80634782639408,1333,
0.15982034905334,1334,
0.29998666884873,1335,
0.40308950372111,1336,
0.34686105230114,1337,
1.2353035041488,1338,
2.7162746617833,1339,
0.76433985104743,1340,
0.25021980230481,1341,
0.1021785908223,1342,
0.17280318664743,1343,
0.23740762885105,1344,
0.12314105158695,1345,
0.031766653830436,1346,
0.13727236658782,1347,
0.21670508421718,1348,
0.090973377012954,1349,
0.16866839959075,1350,
0.1320945244344,1351,
0.15429960987975,1352,
0.14471884034271,1353,
0.056959028348386,1354,
0.090453192918568,1355,
0.17700459475512,1356,
0.021742711367,1357,
0.061052319197394,1358,
0.23273796881681,1359,
0.26716910280305,1360,
0.13492889399492,1361,
0.12192486617914,1362,
0.10039436648511,1363,
0.18732912110547,1364,
0.095885189947268,1365,
0.19679799361579,1366,
0.17181122280694,1367,
0.077666033145061,1368,
0.17834296175532,1369,
0.1393506119223,1370,
0.1332224530158,1371,
0.16948887239895,1372,
0.16474960079202,1373,
0.16343695213179,1374,
0.29893616144484,1375,
0.33040621195584,1376,
0.66420189724452,1377,
1.0265812738293,1378,
1.8576093256214,1379,
0.44301850570215,1380,
0.32331916452157,1381,
0.24524286946866,1382,
0.21578950314095,1383,
0.19767465614985,1384,
0.29651737478891,1385,
0.13310548051912,1386,
0.0080659124573996,1387,
0.042073680273873,1388,
0.16846701683915,1389,
0.18184777359307,1390,
0.48931271768032,1391,
0.74544778623262,1392,
0.55048545704173,1393,
0.32844461750105,1394,
0.18296096473778,1395,
0.49686038533697,1396,
0.27989856970228,1397,
0.34498990742975,1398,
1.8934116251307,1399,
31.953953658606,1400,
1.907999727024,1401,
0.32981146893838,1402,
0.42938952479591,1403,
0.35041436948105,1404,
0.42796459494925,1405,
0.19132575284485,1406,
0.39231848104514,1407,
0.19185428136189,1408,
0.078207837490304,1409,
0.52943211160284,1410,
0.24827609284268,1411,
0.097166398665084,1412,
0.44004481466047,1413,
0.27547548070642,1414,
0.36901737879739,1415,
0.16740802796873,1416,
0.048076172813433,1417,
0.50135630622194,1418,
0.10198214155355,1419,
0.029905320646799,1420,
0.11549189389705,1421,
0.49767242947483,1422,
0.15116246677296,1423,
0.28374889145654,1424,
0.13090881998633,1425,
0.31133303625039,1426,
0.21035877483532,1427,
0.20647254653545,1428,
0.65028888879035,1429,
0.61711804173408,1430,
0.31149968791704,1431,
0.11235503749645,1432,
0.09173629723835,1433,
0.18283609727987,1434,
0.096855064128109,1435,
0.1728839183539,1436,
0.057896655172734,1437,
0.1253769368847,1438,
0.36546743329028,1439,
0.11533260849965,1440,
0.14599081846407,1441,
0.17366303907688,1442,
0.29249278596921,1443,
0.054673854436851,1444,
0.37227307880562,1445,
0.25566116725629,1446,
0.32420118836505,1447,
0.21007498871736,1448,
0.1945127556401,1449,
0.20790662066245,1450,
0.11582602746365,1451,
0.21978883252484,1452,
0.052111101143427,1453,
0.29550610394475,1454,
0.21849414739526,1455,
0.066847916390153,1456,
0.26693343018573,1457,
0.12353363364582,1458,
0.33076288039381,1459,
0.2828387527359,1460,
0.044909727022601,1461,
0.064794557612853,1462,
0.47094994096169,1463,
0.26558907007888,1464,
0.19808040002208,1465,
0.10082378476868,1466,
0.040099390461404,1467,
0.1189308028949,1468,
0.51771844369088,1469,
0.21996179329952,1470,
0.21281816196849,1471,
0.25867272551676,1472,
0.22961014477777,1473,
0.31986450193042,1474,
0.30285277186249,1475,
0.080353938296661,1476,
0.21392520848747,1477,
0.3095019949167,1478,
0.17192582803449,1479,
0.043684818353367,1480,
0.063879746920129,1481,
0.38336022660314,1482,
0.61314628771176,1483,
0.75505512409037,1484,
0.25836490040251,1485,
0.20668911524482,1486,
0.42537304265823,1487,
0.29868583884395,1488,
0.24815152598889,1489,
0.78304671561122,1490,
0.91401667744281,1491,
0.99671531843501,1492,
0.68081452314506,1493,
0.7146491017636,1494,
3.947413021301,1495,
32.664512597691,1496,
3.5312190215329,1497,
0.53501197260494,1498,
0.7279673039976,1499,
1.1947802828162,1500,
0.66648751596234,1501,
0.49032033706707,1502,
0.4429251993164,1503,
1.339979333582,1504,
0.80504008358914,1505,
0.39267093426797,1506,
0.11399144930504,1507,
0.61456900892277,1508,
0.43306917500048,1509,
0.28904995960489,1510,
0.50979731000647,1511,
0.25198643579678,1512,
0.30138660097371,1513,
0.2497998382772,1514,
0.15108187943601,1515,
0.17256211593933,1516,
0.56040877454001,1517,
0.20512192539014,1518,
0.0933939189509,1519,
0.13047608891449,1520,
0.58041201499775,1521,
0.26094455292699,1522,
0.63862488417716,1523,
0.18904282528254,1524,
0.2215072616009,1525,
0.21609879829174,1526,
0.39291475151192,1527,
0.19031621097696,1528,
0.14948188611168,1529,
0.18797027957875,1530,
0.34613881086199,1531,
0.24687194532497,1532,
0.26228310036673,1533,
0.4720655877614,1534,
0.49751547844114,1535,
0.38696820892974,1536,
0.49648584380311,1537,
0.32517560412368,1538,
0.14794912724083,1539,
0.12657198742375,1540,
0.17540385225986,1541,
0.39974507746671,1542,
0.16397462413617,1543,
0.30463768859815,1544,
0.1528579671834,1545,
0.38123871297788,1546,
0.38133351871382,1547,
0.1800736016398,1548,
0.26566323704607,1549,
0.31985939139428,1550,
0.25564737375014,1551,
0.18988140325973,1552,
0.22228450721876,1553,
0.23962615570024,1554,
0.26224336347995,1555,
0.12348425003708,1556,
0.41307880824828,1557,
0.31027558834511,1558,
0.33400704929745,1559,
0.33080227132356,1560,
0.098773131413335,1561,
0.028554682811773,1562,
0.22766968560493,1563,
0.36131325433388,1564,
0.32901093046246,1565,
0.15195766328368,1566,
0.22768504232836,1567,
0.23492732532226,1568,
0.35730013971656,1569,
0.18115119820939,1570,
0.11567796231,1571,
0.047394067741062,1572,
0.14718909944569,1573,
0.27785566992291,1574,
0.30138883913622,1575,
0.2394248126011,1576,
0.097151057794095,1577,
0.037968051898582,1578,
0.089140061536811,1579,
0.14041946296988,1580,
0.27427721969924,1581,
0.21741150231406,1582,
0.16017639828629,1583,
0.1523380847043,1584,
0.28188815124455,1585,
0.14744849967324,1586,
0.52879365062482,1587,
0.2348715769924,1588,
0.19685984872538,1589,
0.17511777908958,1590,
0.36878110677595,1591,
0.64087443225782,1592,
0.3903409427831,1593,
0.4437026111074,1594,
0.27941261433746,1595,
0.41048086971616,1596,
0.18069471169957,1597,
0.32698067171528,1598,
1.8997543666819,1599,
26.26590404241,1600,
1.8796197650316,1601,
0.2879730514717,1602,
0.22531835766035,1603,
0.56034157989434,1604,
0.22436463923088,1605,
0.34034771095156,1606,
0.55099256206083,1607,
0.16930798154032,1608,
0.089912528728649,1609,
0.33128604580974,1610,
0.12907173748229,1611,
0.28879049364938,1612,
0.057951434220879,1613,
0.16614429642327,1614,
0.21205649694127,1615,
0.14999804231979,1616,
0.077890687042198,1617,
0.26307370005411,1618,
0.28555917447069,1619,
0.19957982553818,1620,
0.11796125755174,1621,
0.18667666053173,1622,
0.12295926649463,1623,
0.1753827801466,1624,
0.18707182004242,1625,
0.064904436755034,1626,
0.2132421491659,1627,
0.12427363476737,1628,
0.06822612682201,1629,
0.10117367112531,1630,
0.22819545920403,1631,
0.13729739310133,1632,
0.018159624494014,1633,
0.10176634813755,1634,
0.08257703355037,1635,
0.071333927764292,1636,
0.03973349453856,1637,
0.24554540455182,1638,
0.11265711419737,1639,
0.058948830016228,1640,
0.23651520618201,1641,
0.063694130341599,1642,
0.03668816103318,1643,
0.090576611607215,1644,
0.14141216967598,1645,
0.13367340581645,1646,
0.033007424818388,1647,
0.080759617580188,1648,
0.010576541600632,1649,
0.069183599556021,1650,
0.069270488846913,1651,
0.19874392372538,1652,
0.22568248604047,1653,
0.25974026669366,1654,
0.092571100363739,1655,
0.12307744889125,1656,
0.2109805492806,1657,
0.27493100945235,1658,
0.32317633170418,1659,
0.26914001104759,1660,
0.25788484024941,1661,
0.34384123459808,1662,
0.21461109555058,1663,
0.12205689693625,1664,
0.64933330090604,1665,
0.85719292033223,1666,
1.0759126840913,1667,
0.38112647056783,1668,
0.061915955932337,1669,
0.29488404765572,1670,
0.17059134722319,1671,
0.12804648971881,1672,
0.08081335459517,1673,
0.36334536442311,1674,
0.17097628507805,1675,
0.057123620326107,1676,
0.13258479042726,1677,
0.2041344671163,1678,
0.41922625039256,1679,
0.16792106706556,1680,
0.10187796052181,1681,
0.33821788731812,1682,
0.50737987191618,1683,
0.13191574381909,1684,
0.046778115715586,1685,
0.456248956455,1686,
0.24547960748801,1687,
0.11188083375004,1688,
0.42926576170182,1689,
0.44743337681994,1690,
0.42279783790547,1691,
0.55093009521026,1692,
0.52113043895067,1693,
0.47671570728887,1694,
2.5626972822978,1695,
24.410899624476,1696,
2.5445724778067,1697,
0.4217591836219,1698,
0.24853765756866,1699,
0.94126619472848,1700,
0.43220249459076,1701,
0.48614252672508,1702,
0.32670929105696,1703,
0.77446338891456,1704,
0.58119042747512,1705,
0.12581387289977,1706,
0.27257068451138,1707,
0.26334904430177,1708,
0.10382106078396,1709,
0.28302553475715,1710,
0.20135792390141,1711,
0.10400644295936,1712,
0.16057021454798,1713,
0.15377976222061,1714,
0.12028651768122,1715,
0.064463133506866,1716,
0.18071742232804,1717,
0.095727788679443,1718,
0.055378304651438,1719,
0.065549502798047,1720,
0.22528936739759,1721,
0.062283739259091,1722,
0.083273817061743,1723,
0.017532347261086,1724,
0.24673203987341,1725,
0.12492853841575,1726,
0.090537850822632,1727,
0.14498419852615,1728,
0.12070308109947,1729,
0.090067453176198,1730,
0.21359348865409,1731,
0.35243364413069,1732,
0.078258318323719,1733,
0.10513394359487,1734,
0.27863392694294,1735,
0.072233240605199,1736,
0.057937936196248,1737,
0.028999896707225,1738,
0.13875898499649,1739,
0.18415971228599,1740,
0.092498806139458,1741,
0.21478689954161,1742,
0.17168159966906,1743,
0.13355474394882,1744,
0.091603707888192,1745,
0.14432885500448,1746,
0.015682889583507,1747,
0.10257487014115,1748,
0.19044042265098,1749,
0.088077115544269,1750,
0.13632069858748,1751,
0.1277499840879,1752,
0.20872102412382,1753,
0.21640513279362,1754,
0.11001262255886,1755,
0.081567543767523,1756,
0.14865923291814,1757,
0.20683301415715,1758,
0.14556285531777,1759,
0.2028876918333,1760,
0.057462000968394,1761,
0.10351431991221,1762,
0.83324424657289,1763,
0.12563040467752,1764,
0.047753677207314,1765,
0.11654737737694,1766,
0.10150049037702,1767,
0.12882132254721,1768,
0.26445693470678,1769,
0.29993020766212,1770,
0.15949401540468,1771,
0.16150683659757,1772,
0.064498217623611,1773,
0.089409619515869,1774,
0.16017038860922,1775,
0.11044656151275,1776,
0.099021022421613,1777,
0.18191370118409,1778,
0.063980076050558,1779,
0.10010826379249,1780,
0.065592902120597,1781,
0.011720365511482,1782,
0.070749095588612,1783,
0.22566331214606,1784,
0.25253152740633,1785,
0.1483144139518,1786,
0.11472019760579,1787,
0.043187940867756,1788,
0.042144014053572,1789,
0.047858381953567,1790,
0.17751640770812,1791,
0.20454146022567,1792,
0.33925173949366,1793,
0.14111175547513,1794,
0.23562911219304,1795,
0.89453157545311,1796,
0.067979082073544,1797,
0.15698781892847,1798,
0.22984999942593,1799,
4.1909840689598,1800,
0.22602044448757,1801,
0.060454455286809,1802,
0.12633605790934,1803,
0.12067840729755,1804,
0.10106305389458,1805,
0.058614334770763,1806,
0.21335424177187,1807,
0.31139714086631,1808,
0.23014339246149,1809,
0.029684715160274,1810,
0.1825682746225,1811,
0.15235731874545,1812,
0.028508041131932,1813,
0.15938797329274,1814,
0.18429734771721,1815,
0.20549631160927,1816,
0.12174319699867,1817,
0.13899479897305,1818,
0.18912080380871,1819,
0.18653536715056,1820,
0.069335859283258,1821,
0.16403300688808,1822,
0.15758599186226,1823,
0.15945075927484,1824,
0.072788543928628,1825,
0.054283583105073,1826,
0.091179751315716,1827,
0.065104775217062,1828,
0.12511771684624,1829,
0.13195373741144,1830,
0.049866739283884,1831,
0.21340297522107,1832,
1.1387109221574,1833,
0.33355404452071,1834,
0.094957369091379,1835,
0.18350443950892,1836,
0.071364651170193,1837,
0.090674251129903,1838,
0.061175742408975,1839,
0.1270226108238,1840,
0.021939536758541,1841,
0.080280667708881,1842,
0.15950485435652,1843,
0.026391070471423,1844,
0.13960136794488,1845,
0.12000945013369,1846,
0.089344834372979,1847,
0.1521784454661,1848,
0.086421817535026,1849,
0.10814427628092,1850,
0.12448445522749,1851,
0.080293489558797,1852,
0.17794520550349,1853,
0.055255488172753,1854,
0.1682731727406,1855,
0.082113376182135,1856,
0.07215872011687,1857,
0.18004052347699,1858,
0.087220107630561,1859,
0.12792772421676,1860,
0.1047729278732,1861,
0.080287029295739,1862,
0.045921527255234,1863,
0.24840828346273,1864,
0.076922394478565,1865,
0.11099844205145,1866,
0.18860385842436,1867,
0.037527847911063,1868,
0.080273139919159,1869,
0.052486537562898,1870,
0.17234284862413,1871,
0.065632407649193,1872,
0.21645540715775,1873,
0.25359791093252,1874,
0.1603094821895,1875,
0.13490707222009,1876,
0.26940646835346,1877,
0.11950454666423,1878,
0.094454570320828,1879,
0.21259351414159,1880,
0.048999867304885,1881,
0.17792563267766,1882,
0.15225768735697,1883,
0.22497369398183,1884,
0.20878047411368,1885,
0.202601470098,1886,
0.15510876107009,1887,
0.23378405014261,1888,
0.21336896855364,1889,
0.53894976502407,1890,
0.47804282757726,1891,
0.60470034970676,1892,
0.45300619618435,1893,
0.1662009476023,1894,
3.0887224610995,1895,
30.968803701883,1896,
2.9600430966643,1897,
0.3914256200385,1898,
0.46322862032375,1899,
0.1793653816702,1900,
0.35556595130228,1901,
0.55755946639637,1902,
0.20798982214444,1903,
0.48636944531842,1904,
0.3941463596256,1905,
0.24265337174786,1906,
0.10554971745696,1907,
0.16205556762991,1908,
0.094697649858591,1909,
0.2852399036232,1910,
0.070555121491528,1911,
0.059000339319245,1912,
0.14579477245208,1913,
0.071714895199052,1914,
0.12361047237972,1915,
0.19458665884419,1916,
0.17808869401994,1917,
0.22302810234504,1918,
0.17783601674098,1919,
0.099079752365597,1920,
0.18439170729484,1921,
0.015762573219363,1922,
0.086551525833578,1923,
0.16836581206839,1924,
0.14437762278354,1925,
0.34169201634356,1926,
0.12971875233476,1927,
0.19702036441253,1928,
0.56456053550092,1929,
0.43680910582395,1930,
0.21294377013998,1931,
0.19588456300486,1932,
0.1588171713309,1933,
0.033026987854454,1934,
0.073064714410782,1935,
0.094417916072586,1936,
0.032609432739625,1937,
0.18479325679603,1938,
0.19181418681035,1939,
0.15318883792031,1940,
0.11670781692022,1941,
0.18915396162371,1942,
0.012947832199601,1943,
0.11433819031098,1944,
0.1813495919452,1945,
0.15268446032562,1946,
0.16560800085396,1947,
0.18549525901349,1948,
0.023795950261991,1949,
0.20626687345393,1950,
0.060605380237008,1951,
0.19032602544303,1952,
0.054123408392957,1953,
0.17072427584998,1954,
0.029596411374991,1955,
0.058924044348714,1956,
0.12244251114863,1957,
0.1603584725671,1958,
0.05514378214384,1959,
0.10925521959421,1960,
0.14789411362166,1961,
0.16796886713435,1962,
0.17910389086333,1963,
0.040210393585978,1964,
0.15568647916958,1965,
0.1345786308468,1966,
0.029955100897553,1967,
0.17537265797883,1968,
0.0020459083933232,1969,
0.10497055962802,1970,
0.081961393581153,1971,
0.13417510453982,1972,
0.21159626837234,1973,
0.067514817409789,1974,
0.13960347345671,1975,
0.13284559008302,1976,
0.096991217953451,1977,
0.14487117336797,1978,
0.11125264056895,1979,
0.17561327377016,1980,
0.21940218209183,1981,
0.17272225797197,1982,
0.10549984225594,1983,
0.087358246041606,1984,
0.14489166685537,1985,
0.16586439205644,1986,
0.09473617162563,1987,
0.19832394864267,1988,
0.074697910045987,1989,
0.26285519688736,1990,
0.23382540414573,1991,
0.3892503129676,1992,
0.029013012785783,1993,
0.39275752407033,1994,
0.17677941179711,1995,
0.61522541821077,1996,
0.25977736557628,1997,
0.33207835051986,1998,
1.3757082038102,1999,
17.965703127638,2000,
1.6768488727368,2001,
0.21583126529819,2002,
0.50622282963999,2003,
0.24982422173437,2004,
0.24274302474702,2005,
0.28439705866914,2006,
0.20670236526997,2007,
0.24681265237861,2008,
0.081621654612893,2009,
0.12135951487075,2010,
0.064120628533061,2011,
0.016020759050276,2012,
0.11198337422556,2013,
0.15081693851264,2014,
0.12697812662012,2015,
0.15677481881943,2016,
0.070351434477837,2017,
0.047820746393938,2018,
0.10900623902355,2019,
0.13511664731498,2020,
0.044069116469762,2021,
0.14986078299014,2022,
0.03784626625701,2023,
0.11568975743634,2024,
0.094868188975796,2025,
0.27550575308625,2026,
0.15450738416701,2027,
0.16873291964225,2028,
0.083631343079952,2029,
0.056938334013299,2030,
0.093728624980955,2031,
0.036093934317122,2032,
0.14706646165757,2033,
0.12570064510265,2034,
0.065659225815653,2035,
0.19000100412184,2036,
0.047045533219882,2037,
0.017999140530253,2038,
0.2965941494471,2039,
0.054313233796293,2040,
0.078781803790159,2041,
0.23366942398831,2042,
0.059068252363532,2043,
0.1224371955645,2044,
0.15329096265341,2045,
0.1039911742045,2046,
0.042104534382516,2047,
,,
